{
  "results": [
    {
      "command": "sort /etc/passwd",
      "mean": 0.00312,
      "stddev": 0.00018,
      "median": 0.00308,
      "min": 0.00284,
      "max": 0.00367,
      "times": [0.00284, 0.00295, 0.00308, 0.00312, 0.00321, 0.00334, 0.00367]
    },
    {
      "command": "cat /etc/passwd",
      "mean": 0.00089,
      "stddev": 0.00011,
      "median": 0.00087,
      "min": 0.00074,
      "max": 0.00112,
      "times": [0.00074, 0.00081, 0.00087, 0.00089, 0.00094, 0.00103, 0.00112]
    },
    {
      "command": "wc -l /etc/passwd",
      "mean": 0.00134,
      "stddev": 0.00015,
      "median": 0.00131,
      "min": 0.00119,
      "max": 0.00168,
      "times": [0.00119, 0.00124, 0.00131, 0.00134, 0.00142, 0.00155, 0.00168]
    },
    {
      "command": "grep root /etc/passwd",
      "mean": 0.00156,
      "stddev": 0.00019,
      "median": 0.00152,
      "min": 0.00133,
      "max": 0.00198,
      "times": [0.00133, 0.00141, 0.00152, 0.00156, 0.00167, 0.00182, 0.00198]
    }
  ]
}
